Component,Origin,License
core,cloud.google.com/go/compute/metadata,Apache-2.0
core,github.com/DataDog/datadog-agent/pkg/remoteconfig/state,Apache-2.0
core,github.com/DataDog/datadog-api-client-go,Apache-2.0
core,github.com/DataDog/datadog-go/v5/statsd,MIT
core,github.com/DataDog/datadog-operator,Apache-2.0
core,github.com/DataDog/extendeddaemonset,Apache-2.0
core,github.com/DataDog/go-tuf,BSD-3-Clause
core,github.com/DataDog/gostackparse,Apache-2.0
core,github.com/DataDog/zstd,BSD-3-Clause
core,github.com/Masterminds/semver/v3,MIT
core,github.com/PuerkitoBio/purell,BSD-3-Clause
core,github.com/PuerkitoBio/urlesc,BSD-3-Clause
core,github.com/beorn7/perks/quantile,MIT
core,github.com/cenkalti/backoff,MIT
core,github.com/cespare/xxhash/v2,MIT
core,github.com/davecgh/go-spew/spew,ISC
core,github.com/emicklei/go-restful,MIT
core,github.com/evanphx/json-patch,BSD-3-Clause
core,github.com/fsnotify/fsnotify,BSD-3-Clause
core,github.com/go-logr/logr,Apache-2.0
core,github.com/go-logr/zapr,Apache-2.0
core,github.com/go-openapi/jsonpointer,Apache-2.0
core,github.com/go-openapi/jsonreference,Apache-2.0
core,github.com/go-openapi/swag,Apache-2.0
core,github.com/gobwas/glob,MIT
core,github.com/gogo/protobuf,BSD-3-Clause
core,github.com/golang/groupcache/lru,Apache-2.0
core,github.com/golang/protobuf,BSD-3-Clause
core,github.com/google/go-cmp/cmp,BSD-3-Clause
core,github.com/google/gofuzz,Apache-2.0
core,github.com/google/pprof/profile,Apache-2.0
core,github.com/google/uuid,BSD-3-Clause
core,github.com/googleapis/gnostic,Apache-2.0
core,github.com/imdario/mergo,BSD-3-Clause
core,github.com/josharian/intern,MIT
core,github.com/json-iterator/go,MIT
core,github.com/mailru/easyjson,MIT
core,github.com/matttproud/golang_protobuf_extensions/pbutil,Apache-2.0
core,github.com/modern-go/concurrent,Apache-2.0
core,github.com/modern-go/reflect2,Apache-2.0
core,github.com/openshift/api/security/v1,Apache-2.0
core,github.com/pkg/errors,BSD-2-Clause
core,github.com/pmezard/go-difflib/difflib,BSD-3-Clause
core,github.com/prometheus/client_golang/prometheus,Apache-2.0
core,github.com/prometheus/client_model/go,Apache-2.0
core,github.com/prometheus/common,Apache-2.0
core,github.com/prometheus/common/internal/bitbucket.org/ww/goautoneg,BSD-3-Clause
core,github.com/prometheus/procfs,Apache-2.0
core,github.com/richardartoul/molecule,MIT
core,github.com/richardartoul/molecule/src/codec,Apache-2.0
core,github.com/richardartoul/molecule/src/protowire,BSD-3-Clause
core,github.com/secure-systems-lab/go-securesystemslib/cjson,MIT
core,github.com/spaolacci/murmur3,BSD-3-Clause
core,github.com/spf13/pflag,BSD-3-Clause
core,github.com/stretchr/objx,MIT
core,github.com/stretchr/testify,MIT
core,github.com/zorkian/go-datadog-api,BSD-3-Clause
core,go.uber.org/atomic,MIT
core,go.uber.org/multierr,MIT
core,go.uber.org/zap,MIT
core,golang.org/x/net,BSD-3-Clause
core,golang.org/x/oauth2,BSD-3-Clause
core,golang.org/x/sys/unix,BSD-3-Clause
core,golang.org/x/term,BSD-3-Clause
core,golang.org/x/text,BSD-3-Clause
core,golang.org/x/time/rate,BSD-3-Clause
core,gomodules.xyz/jsonpatch/v2,Apache-2.0
core,google.golang.org/protobuf,BSD-3-Clause
core,gopkg.in/DataDog/dd-trace-go.v1,Apache-2.0
core,gopkg.in/inf.v0,BSD-3-Clause
core,gopkg.in/yaml.v2,Apache-2.0
core,gopkg.in/yaml.v3,MIT
core,k8s.io/api,Apache-2.0
core,k8s.io/apiextensions-apiserver/pkg/apis/apiextensions,Apache-2.0
core,k8s.io/apimachinery/pkg,Apache-2.0
core,k8s.io/apimachinery/third_party/forked/golang,BSD-3-Clause
core,k8s.io/client-go,Apache-2.0
core,k8s.io/client-go/third_party/forked/golang/template,BSD-3-Clause
core,k8s.io/component-base/config,Apache-2.0
core,k8s.io/klog/v2,Apache-2.0
core,k8s.io/kube-aggregator/pkg/apis/apiregistration,Apache-2.0
core,k8s.io/kube-openapi/pkg,Apache-2.0
core,k8s.io/kube-openapi/pkg/validation/spec,Apache-2.0
core,k8s.io/kube-state-metrics/pkg/metric,Apache-2.0
core,k8s.io/utils,Apache-2.0
core,k8s.io/utils/internal/third_party/forked/golang/net,BSD-3-Clause
core,sigs.k8s.io/controller-runtime,Apache-2.0
core,sigs.k8s.io/json,Apache-2.0
core,sigs.k8s.io/structured-merge-diff/v4,Apache-2.0
core,sigs.k8s.io/yaml,MIT
